West Ridge,Lincoln Square,North Park,Edgewater,Rogers Park
Montclare,Dunning,Belmont Cragin,Austin
Avalon Park,South Shore,South Chicago,Calumet Heights,Chatham,Greater Grand Crossing
New City,McKinley Park,Bridgeport,Fuller Park,West Englewood,Englewood,Brighton Park,Gage Park
Hegewisch,Riverdale,South Deering,East Side
Belmont Cragin,Dunning,Portage Park,Hermosa,Austin,Montclare
South Shore,Woodlawn,Greater Grand Crossing,Avalon Park,South Chicago
Garfield Ridge,South Lawndale,Archer Heights,West Elsdon,Clearing
Near West Side,West Town,Loop,Near South Side,Lower West Side,North Lawndale,East Garfield Park
Austin,Montclare,Belmont Cragin,Humboldt Park,West Garfield park,North Lawndale
Near North Side,Lincoln Park,West Town,Near West Side,Loop
Grand Boulevard,Douglas,Oakland,Kenwood,Washington Park,Fuller Park
West Elsdon,Archer Heights,Gage Park,West Law,Garfield Ridge
Lincoln Square,West Ridge,Edgewater,Uptown,North Center,Albany Park,North Park
Ashburn,West Law,Chicago Lawn,Auburn Gresham,Beverly
Auburn Gresham,West Englewood,Englewood,Greater Grand Crossing,Chatham,Roseland,Washington Heights,Beverly,Ashburn
Gage Park,Brighton Park,New City,West Englewood,Chicago Lawn,West Elsdon
Portage Park,Jefferson Park,Forest Glen,Irving Park,Belmont Cragin,Dunning
Lake View,Uptown,North Center,Lincoln Park
South Chicago,South Shore,Avalon Park,Calumet Heights,East Side,South Deering
East Side,South Chicago,South Deering,Hegewisch
Oakland,Douglas,Grand Boulevard,Kenwood
South Lawndale,North Lawndale,Lower West Side,Archer Heights,Brighton Park,Garfield Ridge
O'Hare,Norwood Park,Dunning
North Park,West Ridge,Lincoln Square,Forest Glen,Albany Park
Edison Park,Norwood Park
Rogers Park,West Ridge,Edgewater
West Garfield park,Humboldt Park,East Garfield Park,North Lawndale,Austin
North Lawndale,West Garfield park,East Garfield Park,Near West Side,South Lawndale
Greater Grand Crossing,Washington Park,Woodlawn,South Shore,Avalon Park,Chatham,Auburn Gresham,Englewood
Morgan Park,Mount Greenwood,Beverly,Washington Heights,Roseland,West Pullman
Forest Glen,Norwood Park,Jefferson Park,North Park,Albany Park,Portage Park
Hyde Park,Kenwood,Washington Park,Woodlawn
Loop,Near North Side,Near West Side,Near South Side
South Deering,Calumet Heights,South Chicago,East Side,Hegewisch,Riverdale,Pullman
Uptown,Edgewater,Lincoln Square,North Center,Lake View
Hermosa,Irving Park,Avondale,Logan Square,Humboldt Park,Belmont Cragin
Fuller Park,Armour Square,New City,Englewood,Grand Boulevard,Washington Park
West Englewood,New City,Englewood,Auburn Gresham,Chicago Lawn,Gage Park
Clearing,Garfield Ridge,West Law
West Pullman,Morgan Park,Roseland,Riverdale
Beverly,Ashburn,Auburn Gresham,Washington Heights,Morgan Park,Mount Greenwood
Lower West Side,Near West Side,Near South Side,Armour Square,Bridgeport,McKinley Park,South Lawndale
Riverdale,West Pullman,Pullman,South Deering,Hegewisch
Humboldt Park,Hermosa,Logan Square,West Town,West Garfield park,East Garfield Park,Austin
Edgewater,Rogers Park,West Ridge,Lincoln Square,Uptown
Douglas,Near South Side,Loop,Grand Boulevard,Oakland
Albany Park,North Park,Lincoln Square,Irving Park,Forest Glen
Dunning,Portage Park,Montclare,Belmont Cragin,O'Hare
Roseland,Chatham,Pullman,West Pullman,Morgan Park,Washington Heights,Auburn Gresham
Chatham,Greater Grand Crossing,Avalon Park,Burnside,Roseland,Auburn Gresham
Brighton Park,South Lawndale,McKinley Park,New City,Gage Park,Archer Heights
Calumet Heights,Avalon Park,South Chicago,Burnside,South Deering
Pullman,Burnside,South Deering,Riverdale,Roseland
North Center,Lincoln Square,Lake View,Lincoln Park,Avondale,Irving Park
East Garfield Park,Humboldt Park,Near West Side,North Lawndale,West Garfield park
Logan Square,Avondale,Lincoln Park,West Town,Humboldt Park,Hermosa
Jefferson Park,Forest Glen,Norwood Park,Portage Park
Chicago Lawn,Gage Park,West Englewood,Ashburn,West Law
Avondale,Irving Park,North Center,Logan Square,Hermosa
Armour Square,Near South Side,Douglas,Fuller Park,Bridgeport,Lower West Side
West Town,Logan Square,Lincoln Park,Near North Side,Near West Side,Humboldt Park
Lincoln Park,Lake View,North Center,Logan Square,West Town,Near North Side
Washington Park,Grand Boulevard,Hyde Park,Woodlawn,Greater Grand Crossing,Englewood,Fuller Park
Kenwood,Oakland,Grand Boulevard,Hyde Park
Norwood Park,Jefferson Park,Forest Glen,O'Hare,Edison Park
Burnside,Chatham,Avalon Park,Calumet Heights,Pullman
West Law,Clearing,West Elsdon,Chicago Lawn,Ashburn
Irving Park,Albany Park,North Center,Avondale,Hermosa,Portage Park
Near South Side,Loop,Near West Side,Lower West Side,Armour Square,Douglas
Englewood,New City,Fuller Park,Washington Park,Greater Grand Crossing,Auburn Gresham,West Englewood
Woodlawn,Hyde Park,Washington Park,Greater Grand Crossing,South Shore
Archer Heights,South Lawndale,Brighton Park,West Elsdon,Garfield Ridge
Mount Greenwood,Beverly,Morgan Park
Bridgeport,Lower West Side,Armour Square,New City,McKinley Park
McKinley Park,Lower West Side,Bridgeport,New City,Brighton Park
Washington Heights,Auburn Gresham,Roseland,Morgan Park,Beverly
